time,seconds_elapsed,z,y,x
1772018092701080800,0.076080810546875,0.28115678250491616,-0.014546704007685183,-0.01805932437167503
1772018092721047800,0.0960478515625,0.32510464530289174,-0.021362229241430757,0.1187043674308341
1772018092741014800,0.116014892578125,0.06654606357514858,0.0425467638283968,0.08904212828525342
1772018092760981800,0.135981689453125,-0.17002280466258524,0.0680725424900651,0.09275645436695776
1772018092780947700,0.15594775390625,-0.34516660560071466,0.10990092891603707,0.07123660514471121
1772018092800914700,0.175914794921875,-0.15415303535759448,0.13619009316563604,0.08968770531294867
1772018092820882000,0.1958818359375,0.05264730208218097,-0.02163753905147314,-0.04463371703713201
1772018092840848600,0.2158486328125,0.16980127086639404,-0.1395773975163698,-0.09118146926835179
1772018092860814800,0.23581494140625,0.1082464397072792,-0.16623773316591978,-0.1193909249228891
1772018092880781800,0.25578173828125,-0.0008902268379926681,-0.1294476331681013,-0.08967739398148841
1772018092900748800,0.275748779296875,-0.04792787234485149,-0.018212240777909755,-0.005318884334666654
1772018092920715800,0.2957158203125,-0.06506313154101372,0.044262920096516604,0.0684423713163007
1772018092940681700,0.315681640625,-0.09840075299739837,0.024226094239950178,0.03728909902852028
1772018092960648700,0.335648681640625,0.012570143237709998,-0.01984802528619766,0.04044153517745435
1772018092980616000,0.355615966796875,0.07874971158802509,-0.016777531799674034,0.08889745911755599
1772018093000582700,0.375582763671875,0.0023106150299310683,-0.060984922316670416,0.08193725558295846
1772018093020548900,0.395548828125,-0.0952186158299446,-0.07714519900083541,0.07278836463135667
1772018093040515800,0.415515869140625,-0.1327630413264036,-0.049857379102706906,0.06582549421563744
1772018093060482800,0.43548291015625,-0.06898293533325195,-0.040887890705466265,0.023057068726886062
1772018093080449800,0.45544970703125,-0.04695055174529552,-0.05711041897088289,0.026170049648266285
1772018093100415700,0.475415771484375,0.016389993786811826,-0.034487960535287854,-0.05945976770916022
1772018093120382700,0.4953828125,0.018712299254536626,-0.12220716052055358,-0.11084559848816133
1772018093140350000,0.515349853515625,-0.00011982698738574981,-0.08662176013737917,-0.07292257633712142
1772018093160316700,0.535316650390625,0.07251929276585578,0.06007891338765621,0.0037142256170045584
1772018093180283000,0.555282958984375,0.18280220673680306,0.03653495619297027,-0.036151948224753136
1772018093200249900,0.575249755859375,0.12271218743324279,0.016627894195914268,-0.006342747489688918
1772018093220216800,0.595216796875,-0.03637129006385803,0.04023556427657604,0.027577550959168
1772018093240183800,0.615183837890625,-0.06770984665751457,0.015442191542685032,0.038727424735948444
1772018093260149800,0.635149658203125,-0.11718904009759426,-0.05983487549871206,-0.025409367474075406
1772018093280116700,0.65511669921875,-0.06679273181259632,-0.041025253349542615,0.0299607837007381
1772018093300084000,0.675083984375,0.02912029602229595,-0.00518441690057516,0.05844955862015486
1772018093320050700,0.69505078125,0.0631160891264677,-0.08192775710225104,-0.023138171139080076
1772018093340017000,0.715016845703125,-0.012267945420742034,-0.1542813379123807,-0.09195680102240293
1772018093359983600,0.734983642578125,-0.054988312250375745,-0.10973287887275218,-0.06007071181489154
1772018093379950800,0.754950927734375,0.05589724378883838,-0.007479834361374378,-0.016805680181924253
1772018093399917800,0.774917724609375,0.15690262632668017,-0.020721008728444575,0.02145505862403661
1772018093419883800,0.7948837890625,0.0064268181771039955,-0.02816957116872072,0.04090064058918506
1772018093439850800,0.814850830078125,-0.20845570343136785,0.03085837186127901,-0.04956899061538279
1772018093459818000,0.83481787109375,-0.07961421946287155,-0.009935118559002875,-0.021545568185392765
1772018093479784700,0.85478466796875,0.08285656238496303,-0.02329232052117586,0.022253478992730377
1772018093499751000,0.8747509765625,0.08255436456799507,-0.03911503581404686,0.014981953619793056
1772018093519717600,0.894717529296875,0.006993804410099983,-0.10467501096129417,-0.05607095638792962
1772018093539684900,0.914684814453125,-0.1107908634930849,-0.15851912161260842,-0.10440569250062108
1772018093559652400,0.93465234375,-0.07719897501468657,-0.0005953355446457863,0.051586047792527824
1772018093579618300,0.954618408203125,-0.03804360719025135,0.03871609962433576,0.08061362403007223
1772018093599585300,0.974585205078125,-0.11340309181809424,-0.07407178290486335,0.021668080320209265
1772018093619552300,0.99455224609375,-0.1792225946843624,-0.05753302829712629,-0.08979512947648763
1772018093639519200,1.014519287109375,0.13539163626432418,0.011978022563457489,0.0684779632194899
1772018093659485400,1.0344853515625,0.21939386155307292,0.024105682730674743,0.09941469754660502
1772018093679452200,1.0544521484375,0.18160101425349712,-0.032493279586732385,-0.09026403476302511
1772018093699419100,1.074419189453125,0.08982289426624775,-0.04415127641558647,-0.12169821548457256
1772018093719386400,1.094386474609375,0.08102116365134715,0.03506429911851883,0.03736484941216185
1772018093739352300,1.114352294921875,0.08226853336393833,0.06434738448709248,0.03918958062129095
1772018093759319300,1.1343193359375,0.0392395389765501,0.014344751694798468,-0.003062164049595594
1772018093779286300,1.154286376953125,-0.06850362738370895,-0.012082651981711387,-0.029417251408565787
1772018093799253200,1.174253173828125,-0.15089900199770925,-0.042700493085384365,-0.06350302435113117
1772018093819219500,1.194219482421875,-0.06797288150787353,-0.06239741946309805,-0.018513543545734135
1772018093839186200,1.214186279296875,0.07274667178094386,-0.039838673913478846,0.038317199967242775
1772018093859153200,1.234153076171875,0.07805588410496711,-0.0924433058977127,0.015872490985039622
1772018093879120400,1.254120361328125,0.0027419921845197675,-0.14194324986487628,-0.12888013547845184
1772018093899086300,1.27408642578125,-0.1201502279907465,-0.14095891500264404,-0.07397511759735644
1772018093919053300,1.29405322265625,-0.151399352735281,-0.018455401884019375,-0.031491920524463056
1772018093939020300,1.314020263671875,0.15674188280701637,0.0506201801687479,0.051858380194194614
1772018093958987300,1.3339873046875,0.25071955866515633,-0.032958266749978066,0.029707850119285284
1772018093978953500,1.353953369140625,0.10660744032859802,-0.09496054941564798,-0.10233853083774447
1772018093998920200,1.373920166015625,-0.16589491107761858,-0.05847703114897013,-0.05927656576251611
1772018094018887200,1.39388720703125,-0.10330839878320694,0.0518663808375597,0.05776106489934027
1772018094038854400,1.4138544921875,0.1281195994347334,0.02382306639701128,0.09099650462288408
1772018094058820400,1.4338203125,0.06646832216382026,-0.09913257440328598,-0.03237390925707295
1772018094078787300,1.453787353515625,-0.24945231520831584,-0.10431319191157817,-0.03607289163917303
1772018094098754300,1.47375439453125,-0.23191373590826986,0.023366554801166055,0.03492445225641131
1772018094118721300,1.49372119140625,0.05007891289889812,-0.004603694403171539,0.08132659460501745
1772018094138687500,1.5136875,0.05996551614105701,-0.13109861524552105,-0.046210620098188514
1772018094158654200,1.533654296875,-0.028042437657713887,-0.11715952174216508,-0.10713601251365616
1772018094178621200,1.55362109375,0.06510989329218864,-0.07326894208937883,-0.09912893940778449
1772018094198588400,1.57358837890625,0.20700842723250387,-0.03775514563769102,-0.08044743715031072
1772018094218554400,1.593554443359375,0.14358897124528883,-0.08088935396522283,-0.06611360870832576
1772018094238521300,1.613521240234375,-0.03852642227113247,-0.11354513063728809,-0.0735451834811829
1772018094258488000,1.633488037109375,-0.09563596445918082,-0.020719839684665203,-0.004072217874974012
1772018094278455300,1.653455322265625,-0.054579146927595135,0.075059040376544,0.07077992001892998
1772018094298421500,1.67342138671875,-0.018432313269376752,0.07149404137134552,0.05685688260123133
1772018094318388200,1.69338818359375,0.05226619381010532,-0.000991933646798134,0.0063092014131136236
1772018094338355200,1.713355224609375,0.09249240573644638,-0.06597060177475214,-0.029658531084842978
1772018094358322400,1.733322509765625,0.039648704299330706,-0.043755555096268654,-0.04680889651859179
1772018094378288400,1.753288330078125,-0.0517529835909605,-0.04024082497358322,-0.016255133627075702
1772018094398255400,1.77325537109375,-0.1454343068510294,0.0014855623826384543,-0.03590520692206919
1772018094418222000,1.79322216796875,-0.09315992973446846,-0.000009644611179828643,-0.014055084565840661
1772018094438189300,1.813189208984375,0.043453941801190374,-0.018092706051468847,-0.04204710721056908
1772018094458155500,1.833155517578125,-0.010139116698503493,-0.10719283900111913,-0.1262167614880949
1772018094478122200,1.853122314453125,-0.03315525062680244,-0.13486176717132328,-0.1314418391926214
1772018094498089200,1.873089111328125,-0.020462357792258263,-0.14518763861358164,-0.08355455458648502
1772018094518056400,1.893056396484375,0.10028232896029948,-0.12366378906965254,-0.09489561268696561
1772018094538022400,1.9130224609375,0.14992051235437392,-0.09164075734317302,-0.04092915429761633
1772018094557989600,1.93298974609375,-0.07670856114923953,-0.04986643919199705,-0.027209585296455768
1772018094577956600,1.95295654296875,-0.19243863461017607,0.01788870791196823,0.047930137367174025
1772018094597923600,1.972923583984375,-0.1265413903325796,0.03083177611529827,0.09459160650540142
1772018094617889500,1.9928896484375,-0.061920741862058634,-0.059528001506626606,0.040440165204275395
1772018094637856800,2.012856689453125,0.009977788656949996,-0.1416398830041289,-0.0469402860796079
1772018094657823500,2.032823486328125,-0.03895370777249336,-0.09652122286111116,-0.019727084053959697
1772018094677790700,2.052790771484375,0.0565893177062273,0.02870119382739067,-0.007550616308953612
1772018094697756400,2.07275634765625,0.29193185901939867,-0.051662674959003924,-0.06937156932465732
1772018094717723600,2.0927236328125,0.14391630350351334,-0.06239829624593258,-0.07724361787401139
1772018094737690600,2.112690673828125,-0.006346154156327247,0.030935236489772793,-0.012649181556981056
1772018094757657600,2.13265771484375,-0.010855740535259246,0.05555851335376501,0.07706480897469446
1772018094777623600,2.15262353515625,-0.02857961327433586,-0.003686871819198131,0.0017816775186918674
1772018094797590800,2.1725908203125,-0.050725394108891486,0.027384850531816482,0.024337810986116527
1772018094817557500,2.1925576171875,0.016888590958714485,0.060656421014666555,0.022238792880252004
1772018094837524700,2.212524658203125,0.10290800128877162,-0.03048223202526569,0.026310207037627695
1772018094857490400,2.232490478515625,0.10251812518835067,-0.1184592061638832,-0.05576048393296078
1772018094877457700,2.252457763671875,0.06952244903743267,-0.17399638446867466,-0.09091341118300333
1772018094897424600,2.272424560546875,0.003525836038589477,-0.1363739252999425,-0.04502798618488014
1772018094917391600,2.2923916015625,-0.026218729361891745,-0.08180091585218906,-0.05498935342999175
1772018094937357600,2.312357666015625,-0.014145429730415344,-0.048454818828403946,0.01186225069668144
1772018094957324800,2.33232470703125,-0.09797112940847873,0.021252631387114522,0.012627481181826442
1772018094977291500,2.35229150390625,0.015399229183793066,0.028379706788063046,0.07328662387654185
1772018094997258800,2.3722587890625,0.10937748956382273,0.013221300622820854,0.10404959080563858
1772018095017224400,2.392224365234375,-0.0016360767692327497,-0.05233341382741928,0.061700943365227426
1772018095037191700,2.412191650390625,-0.10191197598874568,-0.020062252558767795,0.051848954778723415
1772018095057158700,2.43215869140625,-0.011060907718539237,-0.035173312450945377,0.0742631042258814
1772018095077125600,2.452125732421875,0.06481412521600723,-0.0362961790010333,0.05687259162701666
1772018095097091600,2.472091552734375,0.03716156365871429,-0.03210398800820112,0.003191599115543067
1772018095117058600,2.49205859375,-0.061655953446030615,-0.06402706649154424,-0.0439175589912571
1772018095137025500,2.512025634765625,-0.04517418972253799,-0.03876110780984163,-0.07130166060440242
1772018095156992800,2.53199267578125,0.08944003242850303,0.03143324913978576,-0.03949007967151701
1772018095176958500,2.55195849609375,0.13029226729869842,0.030232056656479833,-0.03988784681744873
1772018095196925700,2.57192578125,0.17904548455178737,-0.06742430771440266,-0.15002410059301183
1772018095216892700,2.591892578125,0.1285404551953077,-0.15474398698806763,-0.12611076209666205
1772018095236858600,2.611858642578125,-0.012523381486535071,-0.13505027548074722,-0.08582226205645128
1772018095256825600,2.63182568359375,-0.20964695904254912,-0.1638932158663869,-0.03170225707320496
1772018095276792600,2.65179248046875,-0.21244214271903036,-0.051559214584529396,0.0010154241202399133
1772018095296759600,2.671759521484375,-0.07702946366667747,-0.037407062852382655,0.0512618573394604
1772018095316725800,2.691725830078125,0.022525135540962218,-0.06656476827561855,0.019760383535362778
1772018095336692500,2.7116923828125,0.023804069435596466,-0.06536591387987137,0.044562195304036135
1772018095356659700,2.73165966796875,-0.006589899784326553,-0.004923427876830101,0.044434020613413304
1772018095376626700,2.751626708984375,0.0011281272470951079,0.022774434126913545,0.027472218288015573
1772018095396592600,2.771592529296875,0.020040332987904547,0.02200608010292053,-0.015480696922168134
1772018095416559600,2.7915595703125,-0.009803601133823394,0.024521570055186747,-0.0299165609665215
1772018095436526600,2.811526611328125,0.03748714235126972,0.060979953880608076,-0.0037373050984926518
1772018095456493600,2.83149365234375,0.16132628798782825,0.011789221993088721,0.057717170958686614
1772018095476459800,2.851459716796875,0.13271920218467712,-0.06555734479874373,-0.03805451217675581
1772018095496426500,2.871426513671875,0.06942191127240657,-0.08671148424744606,-0.06543275030469521
1772018095516393700,2.891393798828125,0.01884206311404705,-0.06183686297088861,-0.021726879569049923
1772018095536360700,2.911360595703125,-0.10242752429544925,-0.05064969852417707,-0.008161277286894619
1772018095556325600,2.93132568359375,-0.07250175710916519,-0.029712708957493304,0.014261018934100865
1772018095576292900,2.95129296875,-0.04728489826619625,-0.0512628619864583,0.036472247953992336
1772018095596259600,2.971259521484375,-0.12327332844734191,-0.023633681304752824,0.04374470490869135
1772018095616226600,2.9912265625,-0.05218845239877701,0.03486673071980476,0.09075579120218753
1772018095636192500,3.011192626953125,-0.03446282609403133,0.02489449502080679,0.008997892507817596
1772018095656159700,3.03115966796875,0.06194003108441829,0.056098027057945726,0.06135764635289088
1772018095676126700,3.051126708984375,0.14676117154061794,0.10210194560289382,0.04173621463049203
1772018095696093400,3.071093505859375,0.28345687614083287,0.03948299234360456,0.006599818390142172
1772018095716059600,3.0910595703125,0.18818331525325774,-0.022316461226344106,-0.08287904821140692
1772018095736027000,3.11102685546875,0.058659109717607495,-0.04088818296641111,-0.03452290398450568
1772018095755993600,3.13099365234375,-0.14942776040136813,-0.05216185665279627,-0.008709029096458107
1772018095775960600,3.150960693359375,-0.16167524755597112,-0.058257835440337656,-0.03448713855138048
1772018095795926500,3.170926513671875,-0.12034838091135025,-0.07955956666618585,-0.041557570127956564
1772018095815893800,3.190893798828125,-0.03145078479647636,-0.048372108981013295,-0.05629627131009474
1772018095835860700,3.21086083984375,0.04665829080045223,-0.07379442726820706,-0.06005396160949021
1772018095855827500,3.230827392578125,0.09626257192492485,-0.13244272333085536,-0.10530174629120155
1772018095875793700,3.250793701171875,0.01617547425329685,-0.14313801260739564,-0.10431783155407756
1772018095895761000,3.270760986328125,0.04889291798472404,-0.06693798550218344,-0.09176328774429857
1772018095915727600,3.2907275390625,-0.0033200843334197996,-0.08924684794396162,-0.009452504407521337
1772018095935694600,3.310694580078125,-0.1230646541327238,-0.03621609950214624,-0.020247345068398863
1772018095955660500,3.33066064453125,0.04476794700920581,0.0026730186015367506,-0.00016549276001751422
1772018095975627800,3.350627685546875,0.20311025075018405,-0.045109600053727626,0.06281054857494309
1772018095995594800,3.3705947265625,0.020837036323547362,-0.062164195229113095,0.0507677171469666
1772018096015561500,3.3905615234375,-0.2636187877267599,0.017068039178848266,0.010655212994478643
1772018096035527700,3.410527587890625,-0.1781628564983606,0.008028408154845238,0.06463986462764441
1772018096055495000,3.430494873046875,0.05761866075396537,0.0020569325298070906,0.09484004657482728
1772018096075461600,3.450461669921875,-0.003031330519914627,-0.029446751497685907,0.054595148214325304
1772018096095428600,3.4704287109375,-0.029539982739090916,-0.035573709945380685,-0.0013848054219037294
1772018096115394600,3.49039453125,0.047564299729466436,-0.04986293206065893,-0.060698305661324406
1772018096135361800,3.51036181640625,0.19355974759459493,-0.0341851781964302,-0.027075748050026594
1772018096155328800,3.530328857421875,0.047853053542971605,-0.011996727263927458,0.029472653123922644
1772018096175295500,3.55029541015625,-0.012533318358659744,-0.06001344693601131,-0.10849544603228568
1772018096195261700,3.57026171875,0.14549626617133615,-0.0931602219954133,-0.09634144584741443
1772018096215228700,3.590228759765625,0.14094927039146424,-0.07215513562858104,-0.03603093392727896
1772018096235195600,3.610195556640625,-0.0017003741770982741,-0.10506167219132184,-0.04672496282849461
1772018096255162600,3.63016259765625,-0.08933949466347695,-0.13946838418394325,-0.0456788695753552
1772018096275128600,3.650128662109375,-0.07625497216284274,-0.14172493093907831,-0.043941725318133826
1772018096295095800,3.670095703125,-0.058543958905339234,-0.12247545606791972,-0.03357444415325299
1772018096315062800,3.690062744140625,-0.038218963757157325,-0.0843354027658701,-0.025268333301879463
1772018096335029500,3.710029541015625,-0.026771102547645566,-0.05405220044404268,0.011699132556840776
1772018096354995700,3.72999560546875,0.053314826080203055,-0.08753186071962117,-0.004439681214187294
1772018096374962700,3.749962646484375,-0.04104512709379196,-0.09516834694743156,-0.08913533212719485
1772018096394929700,3.7699296875,-0.020122750574350357,-0.05173690923899412,-0.052435723424423486
1772018096414896600,3.789896728515625,-0.038414194068312646,-0.022717443242669104,-0.008176894981134683
1772018096434862600,3.809862548828125,0.04913140291571617,0.008211363506317139,-0.0006622450347058475
1772018096454829600,3.82982958984375,0.096678166988492,0.014205343224108219,0.025457316535338757
1772018096474796800,3.849796875,0.050962125474214554,-0.013198504269123076,-0.002559456958156079
1772018096494763500,3.869763427734375,0.05748714332878589,-0.015026304218173026,0.004921345517598093
1772018096514729700,3.889729736328125,0.04454173703789711,-0.06027268239408731,-0.0054222442444413895
1772018096534696700,3.90969677734375,0.01238660336434841,-0.08900339457690715,-0.014991251171100884
1772018096554664400,3.92966455078125,-0.05073533098101616,-0.07539075654894113,-0.018147322315536438
1772018096574631200,3.949631103515625,-0.1390326231151819,-0.05164776965081692,0.012501827241852878
1772018096594597400,3.969597412109375,-0.16115560759603975,-0.0511649545699358,0.0066512380501255386
1772018096614564000,3.989564208984375,-0.08691197525560855,-0.08165800025016069,-0.05269358890932053
1772018096634531300,4.00953125,0.05664250919818878,-0.07078413953632116,-0.037855007549282164
1772018096654497300,4.029497314453125,0.113405429905653,-0.06620002661645412,-0.036271336820721624
1772018096674464300,4.04946435546875,0.13054478075504303,-0.16421382612287996,-0.28118909560563043
1772018096694431200,4.06943115234375,0.23960779754221437,-0.14718670347630977,-0.151222607928887
1772018096714398500,4.0893984375,0.13986381324231623,-0.023984102177619933,-0.13764880407396704
1772018096734364200,4.1093642578125,0.1337912153303623,-0.0023690672188997268,0.03605215937839821
1772018096754331400,4.129331298828125,-0.02728431276679039,-0.005369710339605808,-0.08153508625654503
1772018096774298000,4.149298095703125,0.03324468247592449,0.06512567538321018,-0.001950567812193185
1772018096794265300,4.169265380859375,0.20199322941899298,0.151649235843122,0.024462652075337245
1772018096814231300,4.189231201171875,0.3337918096274137,0.1505365984261036,0.01875233900398016
1772018096834198300,4.2091982421875,0.5158481664329767,0.10328034173250197,-0.023079426689166575
1772018096854165200,4.229165283203125,0.5280477227926254,-0.09186930540204048,-0.07400565886609256
1772018096874132500,4.249132568359375,0.4194739508271217,-0.19191139586567876,-0.02042217191234231
1772018096894098200,4.26909814453125,-0.04726736260950565,-0.252695242652297,0.06748814846454187
1772018096914065400,4.2890654296875,-0.5631213742613792,-0.27524668167829514,0.04737833043700084
1772018096934032100,4.3090322265625,-0.6759013657450675,-0.22731150280982254,0.10186377119915559
1772018096953999400,4.328999267578125,-0.6355728624880314,-0.1512204890370369,0.13427119913334026
1772018096973965300,4.34896533203125,-0.4988426710963249,-0.0776338593006134,0.14005352712813765
1772018096993932300,4.368932373046875,-0.2818570397287607,-0.029566578485071656,0.041343160192295905
1772018097013899300,4.388899169921875,-0.1869774465948343,0.05231500138789415,-0.08659585851114243
1772018097033866500,4.408866455078125,0.06167232005894184,0.1877232965260744,-0.04764938419703394
1772018097053832200,4.428832275390625,0.15900690512955187,0.2031166804909706,-0.06029069297481328
1772018097073799400,4.44879931640625,0.22197218760848045,0.21478724454045295,-0.09899712972166017
1772018097093766100,4.46876611328125,0.18278700916767118,0.13352145847827196,-0.12199899766258894
1772018097113733400,4.4887333984375,0.3073877868264913,0.00793196204304695,-0.21017282781386748
1772018097133699000,4.508698974609375,0.37303310216963287,-0.04401157568395137,-0.12987747595272958
1772018097153666300,4.528666259765625,0.30190672506690025,-0.04365998576730489,-0.116062593350932
1772018097173633300,4.54863330078125,0.19177344869971275,-0.10782236907631158,-0.08265227198451756
1772018097193600300,4.568600341796875,-0.002552607092261314,-0.13138766131997107,-0.051228594390675425
1772018097213566200,4.588566162109375,-0.33512510405778884,-0.19643442624807356,0.014842563415411859
1772018097233533400,4.608533447265625,-0.41025311801731584,-0.1672586006462574,0.02925902863955125
1772018097253500200,4.628500244140625,-0.39093700765073297,-0.16669395250082014,0.06595334011269732
1772018097273466400,4.64846630859375,-0.2285264315575361,-0.16688421437591314,0.014554193194396794
1772018097293433000,4.66843310546875,-0.12405191160440444,-0.159842186909914,0.03583661693157628
1772018097313400300,4.688400390625,-0.1434597919076681,-0.09746405666917562,0.015599756724573671
1772018097333367300,4.7083671875,-0.008576105165481566,-0.04308247814029455,-0.037434133522398765
1772018097353333200,4.728333251953125,-0.002995674684643745,0.000870060832798481,-0.02311099087120965
1772018097373300200,4.74830029296875,-0.07054828495383263,0.0641159138187766,0.008477850689087062
1772018097393267500,4.768267333984375,-0.09545593171715736,0.11160130309313535,0.019662750113476065
1772018097413234200,4.788234130859375,0.07550035440325736,0.09388298331201075,0.006842139246035367
1772018097433200400,4.808200439453125,0.1788964314699173,0.07814882308542728,0.005823682918492704
1772018097453167000,4.8281669921875,0.16335399442315102,0.020405366908013818,-0.03608050869004801
1772018097473134300,4.84813427734375,0.11865385195314883,-0.030333471204340455,-0.03134341543186456
1772018097493101300,4.868101318359375,0.05977905365824699,-0.06798661777228117,-0.012097137164790182
1772018097513067300,4.8880673828125,-0.11776011798381805,-0.08841624233871698,-0.006824384393636137
1772018097533034200,4.9080341796875,-0.2285655945241451,-0.08695435309261083,0.0007051525946706533
1772018097553001500,4.92800146484375,-0.23928572598099707,-0.0684074735328555,0.0378255257264711
1772018097572967700,4.9479677734375,-0.15367665001749992,-0.05710135888159275,0.04440313228480518
1772018097592933600,4.96793359375,-0.021675240713357923,-0.07678659482151269,-0.023578517051413655
1772018097612900600,4.987900634765625,0.18497955077588557,-0.01593114410340786,0.020378807694651186
1772018097632867600,5.00786767578125,0.16380524532198906,0.08912234478145838,0.08696538594327867
1772018097652834600,5.02783447265625,0.10189093320071696,0.04873714290112257,0.02705141732636839
1772018097672800800,5.04780078125,0.05284253239333629,0.01208469780832529,0.004054463022574782
1772018097692767700,5.067767822265625,0.1029395654708147,0.0495440753698349,0.09605086540300399
1772018097712734700,5.087734619140625,0.061207625156641,0.028962475112080572,0.11525419957749546
1772018097732700700,5.10770068359375,-0.05852466968297958,0.008051496769487857,0.1098646520262584
1772018097752667600,5.127667724609375,-0.05691957257390022,0.0020215689554810524,0.006997128878347575
1772018097772634600,5.147634521484375,0.039950902116298675,-0.0371089566886425,0.025646939089614896
1772018097792601600,5.1676015625,0.0477051695048809,0.005320318239927292,0.05948447289215401
1772018097812567800,5.18756787109375,0.06435761362016201,0.0009369885891675948,0.036342794621735806
1772018097832534500,5.207534423828125,0.053770753154158586,-0.07909984019994735,-0.0087103442707099
1772018097852501500,5.22750146484375,-0.01971826142668724,-0.057087038095295424,-0.04877464363360777
1772018097872468700,5.24746875,0.005219780474901199,-0.01615589276999235,-0.006993914007954299
1772018097892434700,5.2674345703125,0.05395137041807174,-0.04915887544453144,0.020032533273939043
1772018097912401700,5.287401611328125,-0.005791442883014679,-0.02684855169802904,0.03195621356796473
1772018097932368600,5.30736865234375,0.019620061749219892,-0.05198094712793827,0.03285433145146817
1772018097952332800,5.327332763671875,0.031013562422990797,-0.12382131771892309,0.04118256280310452
1772018097972298500,5.347298583984375,0.03822539349794388,-0.09827829566150903,0.01576380644617602
1772018097992265700,5.367265625,-0.022093758386373518,-0.15431699374765157,0.04086885721143335
1772018098012232700,5.387232666015625,-0.1594067181020975,-0.21093846015781162,0.05689147899057716
1772018098032199700,5.40719970703125,-0.38848844545483585,-0.21282617360055445,0.017349559533968568
1772018098052165600,5.42716552734375,-0.3910755393385887,-0.18248481135070324,-0.03598992606345564
1772018098072132600,5.447132568359375,-0.11513853730857372,-0.20428630879223345,-0.06897195728151127
1772018098092099600,5.467099609375,0.22656360705196857,-0.11801613857150077,-0.0741635711078532
1772018098112066800,5.48706689453125,0.2563736389040947,-0.02924976762086153,-0.04851675988240167
1772018098132032500,5.507032470703125,0.2877817536026239,-0.024400866284966467,-0.09458307613907381
1772018098151999700,5.526999755859375,0.3611503566741943,0.004542027343809605,-0.10504532384471967
1772018098171966500,5.546966552734375,0.2961433392345905,0.03086217125356197,-0.028869883191492408
1772018098191933700,5.56693359375,-0.042325814554095266,0.00556874004304409,-0.027591515552438793
1772018098211899600,5.586899658203125,-0.10674012679755687,-0.01664309176504612,0.02268562333229929
1772018098231866600,5.60686669921875,-0.02220481754541397,0.00004734627306461334,0.06700989996092394
1772018098251833600,5.62683349609375,0.048070495685935015,0.02469400401264429,0.05419133492009714
1772018098271799600,5.646799560546875,0.05384498743414878,-0.01852232964038849,0.051553131903614845
1772018098291766500,5.6667666015625,-0.02404430793225765,-0.08066168268918991,-0.03769391696974635
1772018098311733800,5.686733642578125,-0.06464461386799812,-0.08244768932312727,-0.08884884333601221
1772018098331702800,5.706702880859375,-0.05036123697161674,-0.1562020768418908,-0.11059961523730308
1772018098351669800,5.726669677734375,-0.011339724659919738,-0.16901976509988306,-0.1382298553649336
1772018098371636700,5.74663671875,-0.12319207990467548,-0.1806099573895335,-0.09714218603735789
1772018098391603700,5.766603759765625,-0.26954233255684373,-0.10178075082451105,-0.09127460917821154
1772018098411569700,5.786569580078125,-0.15171791716516017,-0.056258478316664695,0.04164501094939187
1772018098431536600,5.80653662109375,-0.08693067995607852,-0.046477089014649385,0.02575944128707051
1772018098451503900,5.82650390625,-0.06112228496074676,-0.05796235962510109,-0.0980587711593136
1772018098471470600,5.846470703125,0.2373456978291273,-0.03232698310911655,-0.07279641094049438
1772018098491436800,5.866436767578125,0.34003158079981805,-0.020958324615657328,-0.031628406385704876
1772018098511403500,5.886403564453125,0.18617431351840494,0.026121114206314085,-0.045025136640667915
1772018098531370800,5.906370849609375,0.05260521650612354,-0.016200608694553375,-0.03125864149155095
1772018098551336700,5.926336669921875,-0.024705986711382865,-0.07489332842081785,0.01020754229221493
1772018098571304400,5.946304443359375,-0.13522270943820475,-0.0459296842649579,-0.017774835741333664
1772018098591271400,5.966271484375,-0.001405190622806549,-0.024818507175147532,0.0636237098550424
1772018098611238100,5.986238037109375,0.12630056731402872,-0.07365823366791009,0.04820460692699998
1772018098631204400,6.006204345703125,0.14236732049584389,-0.18897884954512117,-0.04253627896700054
1772018098651171300,6.02617138671875,-0.09044248746931552,-0.17429186028391122,-0.08201028428655117
1772018098671138300,6.04613818359375,-0.38637481430172915,-0.23947131168097255,-0.1222987295278348
1772018098691105300,6.066105224609375,-0.3740174370318651,-0.2059919436663389,-0.09181355662681162
1772018098711071200,6.0860712890625,-0.20449206049740312,-0.1633349974617362,-0.07688234681356698
1772018098731038200,6.1060380859375,0.04158405627608299,-0.16203326721340416,-0.09421040690178051
1772018098751005400,6.12600537109375,0.042786417803168296,-0.13201719139516352,-0.17419019000772384
1772018098770972200,6.14597216796875,0.17103695014119147,-0.03137128981947899,-0.06270747179295867
1772018098790938400,6.1659384765625,0.19848259094953535,0.023041560630500314,-0.004081533692590892
1772018098810905300,6.1859052734375,0.15001695846617222,0.05223667545467615,-0.022504713807441293
1772018098830872300,6.205872314453125,0.12135083595216274,0.12195406254231929,-0.010652929705847055
1772018098850838300,6.22583837890625,0.23569909966588018,0.2053735195070505,0.09674352384228259
1772018098870805200,6.24580517578125,0.26468437113165855,0.2222533426374197,0.16942686632974072
1772018098890772200,6.265772216796875,0.24259353535473346,0.2236933123126626,0.16621004144139587
1772018098910739200,6.2857392578125,0.1451414613842964,0.0933797099649906,0.13371864328449592
1772018098930705400,6.305705322265625,-0.0427688821464777,0.007398001296818256,0.08840137356314808
1772018098950672400,6.32567236328125,-0.00206043966114521,0.03132218998074531,0.07763106455532834
1772018098970639000,6.34563916015625,0.040702012744545935,-0.04860533321499824,0.039170693257730455
1772018098990606300,6.3656064453125,-0.06201309632062912,-0.14518617730885744,-0.02211333986967802
1772018099010572300,6.385572265625,-0.15082885937094687,-0.17928835339695215,-0.0789398090663366
1772018099030539300,6.405539306640625,-0.09755319625735283,-0.1816118279084563,-0.11753325042538344
1772018099050506200,6.42550634765625,-0.08646247792243957,-0.18577245471924542,-0.05641534937880933
1772018099070472200,6.44547216796875,-0.10673369705677031,-0.11309387973845005,-0.1345952982548624
1772018099090439400,6.465439453125,-0.019544658425450324,-0.025018705922365186,-0.025192911711800842
1772018099110406400,6.485406494140625,0.02875438531935215,0.04974076698571443,0.000615647680312395
1772018099130373000,6.505373046875,0.09849486102163792,0.04023205714523792,-0.0860427546730265
1772018099150339300,6.52533935546875,0.16772680267989634,0.05950812776237726,-0.045032698892615734
1772018099170306300,6.545306396484375,0.20183014781177042,0.09064970047920942,0.05224907827852294
1772018099190273300,6.565273193359375,0.12685644763112067,0.10074877742826938,0.06913297479581088
1772018099210239500,6.585239501953125,0.05429974546432495,0.03694324473291635,0.028940135416109115
1772018099230206200,6.605206298828125,-0.0016980360895395277,0.012686463093757629,0.025455398572888224
1772018099250173400,6.62517333984375,-0.014465163204073905,0.017108663450181482,0.04115784848695621
1772018099270140400,6.645140380859375,-0.10041384638547897,-0.04970686471611261,0.014919482842832803
1772018099290106400,6.6651064453125,-0.09441548275351523,-0.08332242633104324,0.015292535672616212
1772018099310073300,6.6850732421875,0.0018745617002248762,-0.1449126210644841,-0.03376465122941881
1772018099330040300,6.705040283203125,-0.021809096226096152,-0.1795075491055846,-0.06680500677227974
1772018099350007300,6.72500732421875,-0.08052958074212074,-0.16974661806970834,-0.10710903317518532
1772018099369973200,6.74497314453125,-0.1296264968663454,-0.10533902782797813,-0.08074771700482815
1772018099389940200,6.764940185546875,-0.09884791224300861,0.0007093173131346702,-0.024993297486472874
1772018099409907500,6.784907470703125,0.07867255469858646,0.034003391888737675,-0.03792560683377087
1772018099429873200,6.804873046875,0.14351415244340895,0.018033669340610504,-0.004543707844242453
1772018099449840400,6.82484033203125,0.10287059188783168,0.015607611237466335,-0.04689991753660142
1772018099469807400,6.844807373046875,-0.021889175724983213,-0.01277092650681734,-0.0587296724694781
1772018099489774300,6.8647744140625,-0.06236030232310295,0.02716302447468042,0.021381701126880943
1772018099509740300,6.884740234375,-0.06605389614403248,0.09862228679358959,0.029959815586358306
1772018099529707300,6.904707275390625,0.03614566461443901,0.04872311437577009,-0.02412482582256198
1772018099549674200,6.92467431640625,-0.0840431418210268,-0.004164426203072071,-0.019930753399897364
1772018099569639700,6.9446396484375,-0.1389192258685827,0.006612111616134643,0.011363397796452044
1772018099589606700,6.964606689453125,-0.0874590877443552,-0.028859014737606048,0.013042710919212549
1772018099609574000,6.984573974609375,-0.06739712744653224,-0.07962035694271326,0.010709555263910441
1772018099629540600,7.00454052734375,-0.12623919251561164,-0.044503450854122634,-0.023659546398371457
1772018099649506800,7.0245068359375,0.045942251485586165,-0.054903848837316034,-0.06509020221102982
1772018099669473800,7.044473876953125,0.19460195012390613,-0.055768064451217646,-0.042180487799271936
1772018099689440800,7.064440673828125,0.011795651733875274,-0.007882277682423592,-0.023048145634913815
1772018099709407000,7.084406982421875,-0.15912030237615107,0.0435027493789792,0.004908897027978673
1772018099729373700,7.104373779296875,-0.08465688980519771,0.11306553042680025,0.02210933041484095
1772018099749340700,7.124340576171875,-0.018560323563218115,0.006407821215689182,0.058084241572255266
1772018099769308000,7.144307861328125,-0.1693967817187309,-0.023911621463298796,-0.04771958162272349
1772018099789273900,7.16427392578125,-0.15537351706326008,-0.06028992578983307,-0.07148406796660274
1772018099809240800,7.18424072265625,0.08422492812871933,-0.09198124134391546,-0.07854982336806134
1772018099829207800,7.204207763671875,0.2117085677474737,-0.12557137625664472,-0.10680884465221314
1772018099849174800,7.2241748046875,0.007592939347028732,-0.045880292165279384,-0.11500322049111127
1772018099869140700,7.244140625,-0.06609072102308274,0.03779693895280361,-0.11033698224574327
1772018099889107700,7.264107666015625,-0.007931377521157265,0.004324000678956509,-0.022274421316059306
1772018099909074700,7.28407470703125,0.05968319206833839,-0.023845278228819367,-0.011794720152113585
1772018099929041000,7.304041015625,0.004169394639134407,-0.01714578059017658,0.061694942882703614
1772018099949008000,7.3240078125,-0.02816051107943058,-0.045315644019842144,0.09044153762124478
1772018099968974800,7.343974853515625,-0.0033154081583023068,-0.11394582039266823,0.0989501487747766
1772018099988941800,7.36394189453125,0.06102174719572067,-0.10670768583267927,0.1274250047666952
1772018100008907800,7.38390771484375,0.03912438816428184,-0.08908201277107,0.0786523978265468
1772018100028874800,7.403874755859375,0.03623217385411262,-0.12628536974489687,0.05938602661951445
1772018100048841700,7.423841796875,0.0002437456279993057,-0.12805793237537144,0.094837699354114
1772018100068808000,7.443807861328125,-0.11177344478964805,-0.010082418075203894,0.0846259375445079
1772018100088774700,7.463774658203125,-0.17854630285799503,0.03834025204926729,0.06335113085820339
1772018100108742000,7.483741943359375,0.006909633257985114,-0.006522679767012596,-0.016694502291874958
1772018100128708900,7.503708984375,0.07829787616729736,0.0052402387410402295,-0.033067298348713664
1772018100148674800,7.5236748046875,-0.04352349990606308,0.0733417150646448,-0.07649022395713255
1772018100168641800,7.543641845703125,0.14611995102763176,0.1175619650632143,-0.047396194887254384
1772018100188608800,7.56360888671875,0.17985329380333423,0.03682780165970325,-0.02123278504232876
1772018100208574700,7.58357470703125,-0.23057868791222572,-0.03645166182368993,0.00562713743308559
1772018100228542000,7.6035419921875,-0.1403530580639839,0.0018336451679468154,-0.05887393064522184
1772018100248508700,7.6235087890625,0.14082242914140225,0.0017357377514243125,0.05161006798893213
1772018100268475600,7.6434755859375,0.15029285279810428,-0.07624649659544229,-0.02434909043195657
1772018100288441900,7.66344189453125,0.03733867379128933,-0.19459405907839536,-0.037215421870956195
1772018100308408800,7.683408935546875,-0.020974983489513398,-0.2486412910863757,-0.09151330417175776
1772018100328375800,7.703375732421875,0.053286769029498096,-0.25463176367282864,-0.07328983874693512
1772018100348342800,7.7233427734375,-0.03029109336733818,-0.24439181694835424,-0.07169510776824317
1772018100368308700,7.743308837890625,-0.14982465076446533,-0.2210585798949003,-0.08065608406546525
1772018100388276000,7.76327587890625,-0.06048223349153995,-0.18274200098216534,-0.09958388010105118
1772018100408242700,7.78324267578125,0.11590484550595283,-0.20147797337323425,-0.05979782229079864
1772018100428209000,7.803208984375,0.16116846707761287,-0.10296616121679544,-0.03677384298276156
1772018100448175900,7.82317578125,0.14852408955991267,-0.04451747937947512,-0.011252274705329909
1772018100468142800,7.843142822265625,0.16950667183399198,-0.056580549877882,0.030193989668413995
1772018100488108800,7.86310888671875,0.11342939530313015,-0.06529577125310898,-0.045932058885134755
1772018100508075800,7.88307568359375,0.10563070425093174,-0.014041677094995975,-0.07118345931852237
1772018100528042800,7.903042724609375,-0.010810732349753379,0.03480009522438049,0.0377347604367882
1772018100548010000,7.923010009765625,-0.2340647764623165,0.13918547558933494,0.029527726045716553
1772018100567976200,7.94297607421875,-0.0944955622524023,0.15314707318544388,0.022714365369593724
1772018100587943400,7.962943359375,0.03369710241854191,0.10103665445894003,0.04639349325126968
1772018100607910100,7.98291015625,0.09486381104290485,0.11447218235433101,0.08701206549606286
1772018100627876400,8.00287646484375,0.07856558719277382,0.24562135874330995,0.012366209030291064
1772018100647843300,8.02284326171875,0.15929565894305706,-0.04457710061222315,0.0495012408751063
1772018100667810300,8.042810302734376,0.05377250671982765,-0.10383242265731096,-0.10111645083003677
1772018100687777300,8.06277734375,0.060249009257555004,-0.05580985776633024,-0.0966457260236144
1772018100707743200,8.0827431640625,0.03858253637254238,-0.038678397962450976,0.009702460580598562
1772018100727710200,8.102710205078125,0.04305763595998287,-0.2224567562550306,-0.09246976464637555
1772018100747677400,8.122677490234375,-0.06090542733967304,-0.23199323088526724,-0.14249213418560103
1772018100767644200,8.14264404296875,-0.11531973909437655,-0.11152005455046891,-0.0751854706346523
1772018100787610400,8.1626103515625,-0.07723404632806778,-0.009919920989871024,-0.04713474007262848
1772018100807577300,8.182577392578125,-0.1380699155628681,0.026648352950811385,-0.1463168527060654
1772018100827544300,8.20254443359375,-0.0913496654421091,-0.026223113276064393,-0.17533837366215885
1772018100847510300,8.22251025390625,0.061461892178654665,-0.028904899705946445,-0.07964694355553947
1772018100867477200,8.242477294921875,0.10725918223559856,0.01918371615856886,-0.04006650045313872
1772018100887444200,8.2624443359375,0.12044131989181041,0.02168108593225479,-0.027698218196770173
1772018100907410200,8.28241015625,0.13585750021040438,-0.05908201130479574,-0.047797898422786964
1772018100927377200,8.302377197265624,0.02189677450954914,-0.17803952237963674,-0.16553597810473292
1772018100947344400,8.322344482421874,0.017391864305734632,-0.16236790599524975,-0.16810442208694293
1772018100967311000,8.34231103515625,0.04406009100079536,-0.07252133859246969,0.016581187243666497
1772018100987277300,8.36227734375,-0.041757659277319906,-0.04107815258055925,0.0642315943540074
1772018101007244300,8.382244384765626,-0.1843903527110815,-0.0747492437750101,0.09171031544804573
1772018101027211300,8.402211181640626,-0.31219664841294287,-0.045429041266441345,0.10149822582239285
1772018101047177200,8.42217724609375,-0.21889175724983215,0.04004851727187633,0.10498703605253248
1772018101067144200,8.442144287109375,-0.026170214045047758,0.05643266583979129,0.15507610501926392
1772018101087111200,8.462111083984375,0.01638473308980465,0.028452479763329028,0.0519374641792383
1772018101107078400,8.482078369140625,0.04009761711061001,-0.023344342969357966,-0.13214976826626806
1772018101127044000,8.502044189453125,0.18773498696386812,-0.01805821925997734,-0.06799316624407656
1772018101147011300,8.52201123046875,0.15431903957426546,0.09356091175079345,-0.05766829031566158
1772018101166978300,8.541978271484375,0.1329687930315733,0.06723930653631686,-0.12136240765894762
1772018101186944300,8.5619443359375,0.2158832230836153,-0.05621522369682788,-0.1228912337945774
1772018101206911200,8.5819111328125,0.049695466539263725,-0.08362287058234215,-0.07689513322990388
1772018101226878200,8.601878173828124,-0.10025836356282233,-0.1256596390619874,-0.047874187662545586
1772018101246845200,8.62184521484375,-0.1688701274961233,-0.15705635558366773,-0.05983392565064132
1772018101266811400,8.641811279296874,-0.12655366529226303,-0.10649112047255038,-0.026716248821560293
1772018101286778000,8.661778076171874,-0.17085574835538864,-0.020849603544175623,0.022128427840955554
1772018101306745300,8.681745361328124,-0.13437456817626953,-0.007456161224842071,0.009200895133474841
1772018101326711300,8.701711181640626,-0.10865209789872168,-0.07639087350219488,0.021806858603237195
1772018101346678300,8.72167822265625,-0.02297697096168995,-0.06728723733127116,-0.028459247430833053
1772018101366645200,8.741645263671876,0.12380290527939795,-0.060660804928839206,-0.03760667707771063
1772018101386611200,8.761611083984375,0.1502478446125984,-0.01591974592655897,0.006972432828508317
1772018101406578200,8.781578125,0.07530629313588141,0.024065642981231213,-0.029629980843793598
1772018101426545200,8.801545166015625,0.11045768601596355,0.034228725077211856,-0.02084390445575118
1772018101446512000,8.82151220703125,0.14552549226582048,-0.03864303438812494,-0.07551483045318164
1772018101466478300,8.841478271484375,0.09264087429642677,-0.0472521650403738,-0.03573398767416365
1772018101486445300,8.8614453125,-0.006674655458331108,0.031242402742803096,-0.032350820642430334
1772018101506412300,8.881412353515625,0.03215338010787964,0.04361030140668153,0.037407062852382655
1772018101526378200,8.901378173828125,-0.0011257891595363616,-0.03787321905940771,0.0017066303879488258
1772018101546345200,8.92134521484375,-0.13518471551537514,-0.09284867182821036,-0.036263272245274855
1772018101566312200,8.941312255859375,-0.19386603706479072,-0.06766980690807103,0.006938220031652599
1772018101586278000,8.96127783203125,-0.07504501185119151,-0.04989624980837106,0.012973253279039636
1772018101606245000,8.9812451171875,0.00977495956122875,-0.12992547981292007,-0.05113980186237022
1772018101626212000,9.001212158203124,-0.06547054329812527,-0.14012304870039224,-0.04207501813080162
1772018101646179000,9.021178955078126,-0.12452186720371246,-0.022246026338636874,-0.020103826678171753
1772018101666145000,9.04114501953125,0.10063245757222175,-0.06449877565652132,-0.06906401947913691
1772018101686112000,9.061112060546876,0.12247019537091254,-0.10475479819923639,-0.08214201177428476
1772018101706079000,9.081078857421875,0.09935936889648436,-0.048747372034192084,-0.03898982026549056
1772018101726045200,9.101045166015625,0.06543079580962657,-0.04353285225629806,0.016419119416596368
1772018101746012000,9.121011962890625,-0.019324293673038482,-0.036223406025767325,-0.03352747233952395
1772018101765979100,9.140979248046875,0.007648468926548958,-0.003326514074206352,-0.049373915567854414
1772018101785944800,9.16094482421875,0.013155834171175955,-0.00885083045363426,-0.02785071447789669
1772018101805912000,9.180912109375,-0.035108722782135005,0.04773059620708227,0.019771991774765775
1772018101825879000,9.200879150390625,-0.1021598132699728,0.043055590133368966,-0.00570048579708673
1772018101845846000,9.220845947265625,0.07050795294344425,-0.02176291899681091,-0.010142870425013824
1772018101865812000,9.24081201171875,0.17794833696484566,-0.08725596638768911,0.011937818417232482
1772018101885779200,9.260779296875,0.10182020605206489,-0.04889321024566889,0.012787092190328985
1772018101905746000,9.280745849609374,0.036623803520202634,-0.02938040826320648,0.029793144649406893
1772018101925712100,9.300712158203124,0.0003495440900325775,-0.06574380728155374,0.020616689837444573
1772018101945676000,9.320676025390625,-0.05640753139853477,-0.10821925943940877,0.041650956632988526
1772018101965643000,9.34064306640625,-0.1794581570059061,-0.10303747288733721,0.05363821281567216
1772018101985610000,9.36060986328125,-0.18081074065864086,-0.09061229107826947,0.09016557935723103
1772018102005576200,9.380576171875,-0.05266834487020969,-0.06911883667260409,0.12055653463616035
1772018102025543000,9.40054296875,0.03303016294240951,-0.03578179973810911,0.05842357479552738
1772018102045510100,9.42051025390625,0.04122574435770512,-0.04054886800944805,0.07055025771521031
1772018102065477000,9.44047705078125,-0.006954641443490982,0.016824878072738646,0.04741152945370413
1772018102085443000,9.460443115234375,0.1115448967307806,0.0516442625194788,0.05736682315105572
1772018102105410000,9.48041015625,0.13102876487970352,0.001806464900076389,0.015042113708658144
1772018102125377000,9.500376953125,0.08979249912798404,-0.05246230090409517,-0.045514349496294744
1772018102145343000,9.520343017578124,0.09482581712007522,0.00046352585852146145,0.06324653340599033
1772018102165310200,9.540310302734374,-0.05823357778191566,0.11749065339267253,0.08071103825625031
1772018102185277000,9.56027685546875,-0.06279051043391227,0.06410889955610037,0.01965964940751437
1772018102205243100,9.5802431640625,0.0374748673915863,-0.004210311171412468,0.001328604555525817
1772018102225209900,9.6002099609375,-0.10290624772310257,-0.07947831812351941,0.01641809193671215
1772018102245177000,9.620177001953126,-0.13285890291631222,-0.1245923020914197,-0.03235849249223247
1772018102265143000,9.64014306640625,-0.05324702154099941,-0.1269800740107894,-0.04834774629131425
1772018102285110000,9.660110107421875,0.0859253023058176,-0.09660276366472244,-0.04843680368110072
1772018102305077000,9.680076904296875,0.02860533223748207,-0.061330082492530344,-0.04954254099987447
1772018102325046000,9.7000458984375,0.06762859811484813,-0.07104016012400388,-0.06306440460500307
1772018102345013200,9.72001318359375,0.14632161107957362,-0.08299100241959094,-0.08237858787598087
1772018102364980000,9.73997998046875,0.11784545817971229,-0.1112789392709732,-0.06310324791120366
1772018102384946200,9.7599462890625,0.019581483304500578,-0.06486410183757543,-0.04555913848609198
1772018102404913000,9.779912841796875,-0.08537409816384316,-0.04946428813189268,0.004262717212084681
1772018102424880000,9.799880126953125,-0.061392334073781966,-0.08224602927118539,-0.012150936011527664
1772018102444846000,9.81984619140625,-0.02005903768837452,-0.054553720225393766,0.05616427896087989
1772018102464813000,9.83981298828125,-0.06584463730752468,0.0014458148941397667,0.026074000828689894
1772018102484780000,9.859780029296875,-0.08143383610546588,0.009642273092269896,0.019322759303078054
1772018102504747300,9.879747314453125,-0.025618425381183623,-0.02453238371014595,-0.034933809173223564
1772018102524713000,9.899712890625,-0.037217093238234515,0.02104804872572422,-0.024612890184007117
1772018102544680200,9.91968017578125,0.058116088882088655,0.0678957246184349,-0.026078227195946962
1772018102564647400,9.9396474609375,0.06504734944999217,0.024671499919891357,-0.06901734905950725
1772018102584613400,9.95961328125,-0.14082652079463004,-0.001035188266634941,-0.17184359034895896
1772018102604580400,9.979580322265624,-0.06285363879799842,-0.010794073475897312,-0.1756019930344075
1772018102624547600,9.999547607421874,0.16599252623319624,-0.10917056881487369,-0.108430052645877
1772018102644513300,10.01951318359375,0.12104220839440821,-0.17161796489953993,-0.13621836941204965
1772018102664480500,10.03948046875,0.10087269606888294,-0.20327070200890301,-0.22104164702640844
1772018102684447200,10.059447265625,0.10124269842505454,-0.242859200553596,-0.14076399521874264
1772018102704413400,10.079413330078125,0.039753918239474294,-0.20363632045090196,-0.13889431062303484
1772018102724380400,10.09938037109375,0.026973347121477125,-0.1343210844233632,-0.1327675805042032
1772018102744347400,10.119347412109375,0.09344751450419425,-0.06682955669164657,0.0311183151388308
1772018102764314400,10.139314453125,-0.017290742018818854,-0.0002624503284692764,0.1170938543611206
1772018102784280300,10.1592802734375,-0.07823240971565246,0.044616263578832145,0.14367014672271908
1772018102804247300,10.179247314453125,-0.132128250554204,0.09257949949800967,0.13979648362714797
1772018102824214500,10.199214599609375,-0.04149754703640938,0.16961130125224588,0.1663261238354258
1772018102844180200,10.21918017578125,0.04500467837452888,0.14335691605508327,0.14591556929564103
1772018102864147500,10.2391474609375,0.0626888036251068,0.075562605984509,0.09285164923658594
1772018102884114200,10.2591142578125,-0.06850421190559863,-0.04481324745565653,-0.007086035571084357
1772018102904080400,10.279080322265624,-0.0060392801642417905,-0.0980243209004402,-0.0944779900630936
1772018102924047400,10.29904736328125,0.08536649937927722,-0.14698270533680916,-0.08450681381002068
1772018102944014300,10.319014404296874,-0.02304536002278328,-0.19578122303634882,-0.13816961307767778
1772018102963980500,10.33898046875,-0.08532616736888884,-0.17010259190052746,-0.10216313773822039
1772018102983947300,10.358947265625,-0.05783259576559067,-0.12276654796898365,-0.11162569774887524
1772018103003914200,10.378914306640626,0.039409634846448896,-0.1362336400464177,-0.07051407672355417
1772018103023880400,10.39888037109375,0.0948264016419649,-0.10485825857371091,-0.07171316401474177
1772018103043847400,10.418847412109375,0.04470248055756092,-0.10472235723435878,-0.04957487236689776
1772018103063814400,10.438814453125,-0.12451309937536716,-0.11629881325960159,-0.0515192570334766
1772018103083781400,10.458781494140625,-0.09338146353065967,-0.07317658763080835,0.021345351171866058
1772018103103747300,10.478747314453125,-0.0007388356685638427,-0.021785130828619003,0.06867986986660399
1772018103123714600,10.498714599609375,0.0467640892624855,0.022644962528347967,0.1273425232481677
1772018103143681300,10.518681396484375,-0.018826865544915198,0.046643093231320376,0.14264501405921765
1772018103163647500,10.5386474609375,-0.024696049839258192,0.08551233759075402,0.0642496871331241
1772018103183614500,10.558614501953125,0.0914022724121809,0.10370762723386287,0.08102019553696736
1772018103203581400,10.57858154296875,0.06972177100181579,0.1449099907159805,0.10380474006594158
1772018103223547400,10.59854736328125,0.09667582890093326,0.10675678567141293,0.017761053811153397
1772018103243514400,10.618514404296874,0.07604805141389369,0.017798691540956497,-0.040778064522286876
1772018103263481300,10.6384814453125,0.05796528223454952,-0.032386312080919744,-0.027513408814929426
1772018103283447300,10.658447265625,0.0798252318650484,-0.03853723592609167,-0.011707041868660598
1772018103303414300,10.678414306640626,0.04869651862978935,-0.10279548082500696,-0.0618987218264956
1772018103323381500,10.698381591796876,-0.06729249802827834,-0.15709025785326958,-0.11632975638713687
1772018103343347200,10.71834716796875,-0.05084697466194629,-0.10817162090539932,-0.08494092177781276
1772018103363314400,10.738314453125,0.048580783295631404,-0.08540186295360326,-0.046415111428033555
1772018103383281400,10.758281494140626,-0.04759761747717857,-0.11246405740231274,-0.07466801349865272
1772018103403247400,10.778247314453125,-0.05662380449771881,-0.05966711771637201,-0.06066728946855291
1772018103423214300,10.79821435546875,-0.012328735697269439,-0.052228492148220534,-0.05766970595461316
1772018103443181300,10.818181396484375,0.044267596271634096,-0.08937076658457517,-0.04689757031588815
1772018103463148300,10.838148193359375,0.09206278214752674,-0.07149900980740785,-0.08158450575568713
1772018103483114500,10.858114501953125,-0.015577508360147475,-0.05600158094614744,-0.037836613376066086
1772018103503081200,10.878081298828125,0.0200379949003458,-0.012171499308943748,-0.0388177607673686
1772018103523048400,10.89804833984375,0.14520985044538973,-0.03299392258524895,0.005263391287764534
1772018103543014400,10.918014404296875,0.1702431694149971,-0.04317424807697534,-0.009373155560996382
1772018103562981600,10.937981689453125,0.03530161500573158,-0.07786649901270866,-0.039918141491012644
1772018103582948600,10.957948486328124,-0.14433072952330112,-0.1460068460419774,-0.05318129936102777
1772018103602914600,10.97791455078125,-0.1532283217281103,-0.1304614863857627,-0.04141837171982042
1772018103622881500,10.997881591796874,-0.12131868724822997,-0.0670005293443799,-0.012349787618452682
1772018103642848800,11.017848876953124,-0.01393733993768692,-0.03993132063299417,-0.004632810899801552
1772018103662814700,11.037814697265626,0.018891747474670408,-0.04220803339332342,-0.041776875434443354
1772018103682781700,11.05778173828125,0.030935236489772793,-0.05570289026051759,-0.06898995872908271
1772018103702748400,11.07774853515625,0.06027355917692184,-0.0870575212061405,-0.05459778769598342
1772018103722714600,11.097714599609375,-0.026577041280269623,-0.05156038362830877,0.02351379038528539
1772018103742681900,11.117681884765625,-0.0032101942181587215,-0.01512070450335741,0.0003856565830297768
1772018103762648600,11.137648681640625,0.09539631048440933,-0.010553834979236126,0.03427840030468069
1772018103782614800,11.15761474609375,0.012479542344808577,-0.05380553220659494,0.02438344935928471
1772018103802581500,11.17758154296875,-0.08183890977501869,-0.09556552957147359,-0.010881139837997034
1772018103822548700,11.197548828125,-0.08045359289646148,-0.10498363851904868,0.02274091544980183
1772018103842514400,11.217514404296875,-0.0669546443760395,-0.03291238178163767,0.038576417159009724
1772018103862481700,11.237481689453125,-0.01929039140343666,0.055311552855372426,0.06568728218819014
1772018103882448600,11.25744873046875,0.0381762936592102,0.024729075326025484,0.05637435064814053
1772018103902415600,11.27741552734375,0.042425183275341984,-0.026864041528105734,-0.006587744359858334
1772018103922381600,11.297381591796874,0.039994741258025164,-0.04279869276285171,-0.046439433018537236
1772018103942348800,11.317348876953124,0.0826578249424696,-0.03496405361443758,0.016179995164787395
1772018103962315500,11.3373154296875,-0.028667291557788847,-0.04931085113584995,0.001800738412188366
1772018103982281700,11.35728173828125,-0.04422726426124572,-0.052180561353266236,-0.04499205635497346
1772018104002248400,11.37724853515625,0.057059857827425,-0.04930617496073246,0.0053292778645176436
1772018104022215700,11.397215576171876,0.1038239470899105,-0.028464462462067602,-0.009974044063594192
1772018104042181600,11.417181640625,0.033552140989899636,-0.009555471591651439,-0.0010897314654663205
1772018104062148600,11.437148681640625,0.08900690170824527,0.03546235852539539,-0.005396123422496021
1772018104082115600,11.457115478515625,0.1440963362455368,-0.0014224340185523033,-0.024097289361665025
1772018104102081500,11.47708154296875,0.020097031611204148,-0.05197685547471046,0.025063038254436103
1772018104122048500,11.497048583984375,-0.15169336724579333,-0.024988310784101485,0.023855525628197937
1772018104142015700,11.517015625,-0.3082511256575584,-0.03470511041730642,0.07010078778150491
1772018104161981700,11.536981689453125,-0.2660837165355682,-0.05302139609158039,0.025695427006995303
1772018104181948700,11.55694873046875,0.014872574961185454,-0.05700374372601509,0.03060732884281315
1772018104201915600,11.57691552734375,0.1204202771037817,-0.13152327039837836,-0.05299963178434409
1772018104221881600,11.596881591796874,0.15621522858440876,-0.1595937651067972,-0.11825492489659227
1772018104241848800,11.616848876953124,0.10050035562515258,-0.07988602214157581,-0.11387525764079764
1772018104261815600,11.636815673828124,0.04112754468023777,-0.049751580640673636,-0.1217838662077207
1772018104281781800,11.65678173828125,0.09138999745249747,-0.037436288946866986,-0.06740517375566996
1772018104301748500,11.67674853515625,0.11760405063927173,-0.03595774082690477,-0.055698305416945364
1772018104321715700,11.6967158203125,0.06245031869411468,-0.11626432646811008,-0.0016467625600285827
1772018104341681700,11.716681640625,-0.1097106670409441,-0.04419423877447843,-0.005675963277183472
1772018104361648600,11.736648681640625,-0.13515607394278048,-0.0011617372557520865,0.05154675696175545
1772018104381615600,11.75661572265625,-0.15302549263238907,0.01054360584616661,0.03615277020866051
1772018104401581600,11.77658154296875,-0.07660100912153721,-0.010731529633700847,-0.023967918227799236
1772018104421548500,11.796548583984375,0.0931014775454998,-0.07294950087666512,-0.012944237247109412
1772018104441515800,11.816515869140625,0.009379238241910934,-0.16045535037219524,-0.06618608942264691
1772018104461481500,11.8364814453125,-0.08270517121553421,-0.1099935756355524,-0.11169941143905743
1772018104481448700,11.85644873046875,0.019931611916422842,-0.07332301036417484,-0.03362454863898456
1772018104501415700,11.876415771484375,0.11082418124079704,-0.042293665850162504,-0.005665980739286169
1772018104521381600,11.896381591796874,0.03669102353751659,-0.07198650106340647,-0.03737710610553622
1772018104541348600,11.9163486328125,0.028291443982720373,-0.03113631201982498,-0.07547043418902903
1772018104561315600,11.936315673828124,0.06713233903050422,-0.030274434493482112,-0.0028352234259247776
1772018104581281000,11.956281005859376,0.09336509691774844,-0.05799567737281322,-0.03783875053422525
1772018104601248000,11.976248046875,0.08375614157319068,-0.03952770826816559,0.02195517189959064
1772018104621215200,11.99621533203125,0.03136544460058212,0.008222469422221183,0.03370998016642406
1772018104641181000,12.016180908203125,-0.19629940169155596,-0.0057709846168756485,0.034270975050050764
1772018104661148200,12.036148193359375,-0.2153162368506193,-0.033331483976542946,0.03598397124670446
1772018104681115000,12.056114990234375,-0.09871581029593944,-0.040158699648082254,0.019879151076823472
1772018104701081000,12.0760810546875,-0.024767946031689643,-0.056685471557080744,0.027435247278492895
1772018104721048000,12.096048095703125,0.04592120869755745,-0.04800532149523496,-0.04531823783572763
1772018104741015000,12.11601513671875,-0.0642050534069538,-0.10413023656010627,-0.14668745785043574
1772018104760981000,12.13598095703125,-0.1849047319740057,0.13820815498977898,-0.20629596811421214
1772018104780948000,12.155947998046875,-0.5301560932487249,0.2531970546945929,-0.0870392548970878
1772018104800915000,12.1759150390625,0.13879296914041042,0.20038228709101677,0.16888026529764755
1772018104820881000,12.195880859375,0.9268407046407461,-0.24262597631961105,0.8265274690855294
1772018104840848000,12.215847900390624,0.565012887096405,-0.3746998663380742,-0.26652093890905376
1772018104860815000,12.235815185546874,0.3016542116105556,-0.4137868451014161,-0.4313897948745638
